Feature,Coefficient
city_San Francisco,41202.88774197841
city_New York,37735.890653193645
city_Seattle,23591.66652841315
city_Los Angeles,23077.59131151877
city_Boston,20872.9633303614
job_title_JobRole_13,12345.867344656343
job_title_JobRole_11,12233.747732921242
job_title_JobRole_5,10286.434607098035
job_title_JobRole_10,9973.187038502047
city_Austin,9264.400341424789
job_title_JobRole_14,9132.430684669953
education_level_encoded,8773.066493565808
city_Denver,8532.925967967709
gender_Male,5365.831284004922
job_title_JobRole_3,5008.553766070876
job_title_JobRole_4,4202.682357920839
city_Chicago,4102.288451262268
job_title_JobRole_9,4089.6256350051763
city_Miami,3804.004933317305
industry_Tech,3296.539664804268
performance_score,2961.28166020403
city_Dallas,2075.2202468014048
remote_worker_encoded,2038.2609652172828
years_experience,1126.6848883890348
job_title_JobRole_8,702.2200904281616
previous_companies,378.15878004926867
age,191.1092753584412
job_title_JobRole_15,-596.6967053034286
gender_Other,-3239.144697813627
job_title_JobRole_7,-3374.9472450453873
job_title_JobRole_2,-3586.805398052897
city_Raleigh,-4657.4487079722085
job_title_JobRole_12,-4771.206799268683
job_title_JobRole_6,-5555.00906561346
industry_Healthcare,-6514.007844955989
industry_Retail,-18459.226618314617
